{
    "location_time_weights": {
        "광탄면": {
            "00-06시": 0.029351575980522134,
            "06-09시": 0.10842830178201747,
            "09-12시": 0.2125755935186629,
            "12-15시": 0.2253076806357967,
            "15-18시": 0.15532691554166045,
            "18-21시": 0.053129349952551995,
            "21-24시": 0.03076119468268828
        },
        "교하동": {
            "00-06시": 0.11759924890945421,
            "06-09시": 0.3664416146455441,
            "09-12시": 0.7590308194334142,
            "12-15시": 0.8875690178194269,
            "15-18시": 0.7448117658949294,
            "18-21시": 0.34400445431009324,
            "21-24시": 0.15431519834042026
        },
        "금촌1동": {
            "00-06시": 0.8101104874119855,
            "06-09시": 0.8104523906840466,
            "09-12시": 0.8949814862984147,
            "12-15시": 0.9076933751705253,
            "15-18시": 0.928438739359761,
            "18-21시": 0.9459008967744833,
            "21-24시": 0.887945950474796
        },
        "금촌2동": {
            "00-06시": 1.0377684400056892,
            "06-09시": 0.9460399803433979,
            "09-12시": 0.8762141446184729,
            "12-15시": 0.8466345065094018,
            "15-18시": 0.8839057166635368,
            "18-21시": 0.9742642613043393,
            "21-24시": 1.0174830251923777
        },
        "금촌3동": {
            "00-06시": 0.7408781234365754,
            "06-09시": 0.6679103697228563,
            "09-12시": 0.5613348824118941,
            "12-15시": 0.5329659952093645,
            "15-18시": 0.5351962300161452,
            "18-21시": 0.590684477598735,
            "21-24시": 0.682995421858984
        },
        "문산읍": {
            "00-06시": 1.2578543206833215,
            "06-09시": 1.1680467146882847,
            "09-12시": 1.1274792221886714,
            "12-15시": 1.1261916993290284,
            "15-18시": 1.1327452331988626,
            "18-21시": 1.206822786755919,
            "21-24시": 1.24784115408849
        },
        "법원읍": {
            "00-06시": 0.0932402688898275,
            "06-09시": 0.1282443412187299,
            "09-12시": 0.1571764320640607,
            "12-15시": 0.15639948057997713,
            "15-18시": 0.13166815394450002,
            "18-21시": 0.09168070653456066,
            "21-24시": 0.08827531595474132
        },
        "운정1동": {
            "00-06시": 1.923873245913486,
            "06-09시": 1.8046320030626748,
            "09-12시": 1.6128833857704497,
            "12-15시": 1.571236888188016,
            "15-18시": 1.6293865943508765,
            "18-21시": 1.8361715346760628,
            "21-24시": 1.9133871424820819
        },
        "운정2동": {
            "00-06시": 1.969586322291806,
            "06-09시": 1.7286886774904406,
            "09-12시": 1.4763024621233438,
            "12-15시": 1.4367269963002776,
            "15-18시": 1.5067310230507243,
            "18-21시": 1.720237190439327,
            "21-24시": 1.9001324235722137
        },
        "운정3동": {
            "00-06시": 2.4591372614500826,
            "06-09시": 2.241924635652948,
            "09-12시": 2.0052102502463343,
            "12-15시": 1.9443638413766104,
            "15-18시": 2.028028831330786,
            "18-21시": 2.3193595725765292,
            "21-24시": 2.46304942794088
        },
        "운정4동": {
            "00-06시": 0.8955816216467476,
            "06-09시": 0.8762834427676596,
            "09-12시": 0.7859016361836764,
            "12-15시": 0.7786800642378461,
            "15-18시": 0.8134960115743318,
            "18-21시": 0.9105604049547099,
            "21-24시": 0.9087092879391467
        },
        "운정5동": {
            "00-06시": 1.5292279482040267,
            "06-09시": 1.3470428517101365,
            "09-12시": 1.1322045305129789,
            "12-15시": 1.0812665222030864,
            "15-18시": 1.100148143783131,
            "18-21시": 1.252517928791589,
            "21-24시": 1.4547043498986176
        },
        "운정6동": {
            "00-06시": 0.8083028108315236,
            "06-09시": 0.7616935853248928,
            "09-12시": 0.6225907161529959,
            "12-15시": 0.584298207026102,
            "15-18시": 0.5629883122526991,
            "18-21시": 0.6419072686968698,
            "21-24시": 0.7371087972926982
        },
        "월롱면": {
            "00-06시": 0.0713633652554348,
            "06-09시": 0.16517025273902244,
            "09-12시": 0.24902131844456127,
            "12-15시": 0.24435074961743175,
            "15-18시": 0.1899383846929541,
            "18-21시": 0.07625460989459601,
            "21-24시": 0.06791908126560502
        },
        "적성면": {
            "00-06시": 0.026057060017392462,
            "06-09시": 0.037371127195647044,
            "09-12시": 0.05305749562063034,
            "12-15시": 0.05452379570577938,
            "15-18시": 0.044051762631304336,
            "18-21시": 0.03160478997833119,
            "21-24시": 0.02736351256299788
        },
        "조리읍": {
            "00-06시": 0.7316787523308583,
            "06-09시": 0.7717676099202232,
            "09-12시": 0.7751062393132473,
            "12-15시": 0.7568080391692229,
            "15-18시": 0.7462119101316479,
            "18-21시": 0.6893590357858195,
            "21-24시": 0.717675622753565
        },
        "탄현면": {
            "00-06시": 0.0891127250086717,
            "06-09시": 0.21074719224428193,
            "09-12시": 0.41832820903295703,
            "12-15시": 0.547539851370243,
            "15-18시": 0.43327612914122643,
            "18-21시": 0.19270132127710396,
            "21-24시": 0.09630008744793384
        },
        "파주읍": {
            "00-06시": 0.23382388909938823,
            "06-09시": 0.29282403038144156,
            "09-12시": 0.3177392080442631,
            "12-15시": 0.31611635846658115,
            "15-18시": 0.2905067973743029,
            "18-21시": 0.23723375834708488,
            "21-24시": 0.23255930602702046
        },
        "파평면": {
            "00-06시": 0.00892791686340404,
            "06-09시": 0.017640465958915517,
            "09-12시": 0.022573941143293152,
            "12-15시": 0.022661075705635657,
            "15-18시": 0.017073027713813662,
            "18-21시": 0.009386783289771694,
            "21-24시": 0.007891796133035449
        }
    }
}