{
    "day_weights": {
        "일": 1.0,
        "토": 0.3053480934071829,
        "금": 0.0,
        "목": 0.4504356235374787,
        "수": 0.23393254347022138,
        "화": 0.10675070140620707,
        "월": 0.06827877304753122
    },
    "location_time_weights": {
        "광탄면": {
            "00-06시": 0.0,
            "06-09시": 0.40354305848550565,
            "09-12시": 0.9350258205043825,
            "12-15시": 1.0,
            "15-18시": 0.6428752999696221,
            "18-21시": 0.12134234865435631,
            "21-24시": 0.007193543189919732
        },
        "교하동": {
            "00-06시": 0.0,
            "06-09시": 0.323184592154014,
            "09-12시": 0.8330607205942893,
            "12-15시": 1.0,
            "15-18시": 0.8145936922606775,
            "18-21시": 0.29404427880481,
            "21-24시": 0.047684923374256546
        },
        "금촌1동": {
            "00-06시": 0.0,
            "06-09시": 0.002517874963822679,
            "09-12시": 0.625014677287426,
            "12-15시": 0.7186287177177466,
            "15-18시": 0.8714036028265696,
            "18-21시": 1.0,
            "21-24시": 0.5732029487813506
        },
        "금촌2동": {
            "00-06시": 1.0,
            "06-09시": 0.5200828132170837,
            "09-12시": 0.15475869495275044,
            "12-15시": 0.0,
            "15-18시": 0.19500048720997568,
            "18-21시": 0.667750369912293,
            "21-24시": 0.8938680618232266
        },
        "금촌3동": {
            "00-06시": 1.0,
            "06-09시": 0.6490452272511091,
            "09-12시": 0.13644652404080762,
            "12-15시": 0.0,
            "15-18시": 0.01072681437969581,
            "18-21시": 0.2776099830323247,
            "21-24시": 0.721600167959726
        },
        "문산읍": {
            "00-06시": 1.0,
            "06-09시": 0.31789595960290135,
            "09-12시": 0.009778955077753369,
            "12-15시": 0.0,
            "15-18시": 0.04977520424873855,
            "18-21시": 0.6124068212945495,
            "21-24시": 0.9239482968527044
        },
        "법원읍": {
            "00-06시": 0.07205910753620774,
            "06-09시": 0.5800925662883779,
            "09-12시": 1.0,
            "12-15시": 0.9887236734619674,
            "15-18시": 0.6297842537254555,
            "18-21시": 0.04942431664555765,
            "21-24시": 0.0
        },
        "운정1동": {
            "00-06시": 1.0,
            "06-09시": 0.661857774337491,
            "09-12시": 0.11810040760135083,
            "12-15시": 0.0,
            "15-18시": 0.16489991712122543,
            "18-21시": 0.7512970250625732,
            "21-24시": 0.9702636917558921
        },
        "운정2동": {
            "00-06시": 1.0,
            "06-09시": 0.5479151193364018,
            "09-12시": 0.07427000690928194,
            "12-15시": 0.0,
            "15-18시": 0.1313743108843693,
            "18-21시": 0.5320544847582468,
            "21-24시": 0.8696580967399704
        },
        "운정3동": {
            "00-06시": 0.9924575376834527,
            "06-09시": 0.5736824041079603,
            "09-12시": 0.11730884845434983,
            "12-15시": 0.0,
            "15-18시": 0.16130193728413675,
            "18-21시": 0.7229731091697758,
            "21-24시": 1.0
        },
        "운정4동": {
            "00-06시": 0.8864214087820684,
            "06-09시": 0.7400904334889459,
            "09-12시": 0.05475851750591348,
            "12-15시": 0.0,
            "15-18시": 0.2639964921779562,
            "18-21시": 1.0,
            "21-24시": 0.9859636621690474
        },
        "운정5동": {
            "00-06시": 1.0,
            "06-09시": 0.5933018203814989,
            "09-12시": 0.11371070220181292,
            "12-15시": 0.0,
            "15-18시": 0.04215010597810938,
            "18-21시": 0.38229052022917503,
            "21-24시": 0.8336383581713737
        },
        "운정6동": {
            "00-06시": 1.0,
            "06-09시": 0.810002157326,
            "09-12시": 0.2429632339123461,
            "12-15시": 0.08686765314262747,
            "15-18시": 0.0,
            "18-21시": 0.32170522696934045,
            "21-24시": 0.7097847295970182
        },
        "월롱면": {
            "00-06시": 0.019018450812544673,
            "06-09시": 0.5369959697257557,
            "09-12시": 1.0,
            "12-15시": 0.9742103195416946,
            "15-18시": 0.6737592275393905,
            "18-21시": 0.04602664637849965,
            "21-24시": 0.0
        },
        "적성면": {
            "00-06시": 0.0,
            "06-09시": 0.3974487030091824,
            "09-12시": 0.9484907542192407,
            "12-15시": 1.0,
            "15-18시": 0.632130877628265,
            "18-21시": 0.19488465490625054,
            "21-24시": 0.045894006250192916
        },
        "조리읍": {
            "00-06시": 0.49354048650113813,
            "06-09시": 0.9610642766681464,
            "09-12시": 1.0,
            "12-15시": 0.7866029515683118,
            "15-18시": 0.6630289036498196,
            "18-21시": 0.0,
            "21-24시": 0.3302333580906567
        },
        "탄현면": {
            "00-06시": 0.0,
            "06-09시": 0.2653299951968255,
            "09-12시": 0.7181413688085859,
            "12-15시": 1.0,
            "15-18시": 0.7507483400122917,
            "18-21시": 0.22596524139090696,
            "21-24시": 0.015678309650448793
        },
        "파주읍": {
            "00-06시": 0.014846026379694269,
            "06-09시": 0.7074993387785529,
            "09-12시": 1.0,
            "12-15시": 0.9809479755288583,
            "15-18시": 0.6802953510741572,
            "18-21시": 0.05487740898220575,
            "21-24시": 0.0
        },
        "파평면": {
            "00-06시": 0.07015377596960051,
            "06-09시": 0.6600640050152267,
            "09-12시": 0.9941002835030521,
            "12-15시": 1.0,
            "15-18시": 0.6216438341252016,
            "18-21시": 0.10122275425740646,
            "21-24시": 0.0
        }
    }
}